{
  "accuracy": 0.93125,
  "precision": 0.4,
  "recall": 0.4444444444444444,
  "f1": 0.42105263157894735,
  "auc_roc": 0.9109639440765269
}