{
  "accuracy": 0.9375,
  "precision": 0.4444444444444444,
  "recall": 0.4444444444444444,
  "f1": 0.4444444444444444,
  "auc_roc": 0.8241353936718174
}