{
  "accuracy": 0.94375,
  "precision": 0.5,
  "recall": 0.3333333333333333,
  "f1": 0.4,
  "auc_roc": 0.9087564385577631
}