{
  "active_backend": "mlp",
  "baseline_metrics": {
    "random_forest": {
      "accuracy": 0.94375,
      "precision": 0.5,
      "recall": 0.3333333333333333,
      "f1": 0.4,
      "auc_roc": 0.9087564385577631
    },
    "hist_gradient_boosting": {
      "accuracy": 0.93125,
      "precision": 0.4,
      "recall": 0.4444444444444444,
      "f1": 0.42105263157894735,
      "auc_roc": 0.9109639440765269
    }
  },
  "mlp_metrics": {
    "accuracy": 0.9375,
    "precision": 0.4444444444444444,
    "recall": 0.4444444444444444,
    "f1": 0.4444444444444444,
    "auc_roc": 0.8241353936718174
  },
  "rag_documents": 36
}